"id","ticker","article_title","article_url","publish_date","market_sentiment","event_category","financial_metrics","growth_catalysts","ai_action_signal","created_at"
1,"FPT","FPT: Nghị quyết HĐQT lựa chọn đơn vị kiểm toán BCTC năm 2026","https://cafef.vn/du-lieu/FPT-2903116/fpt-nghi-quyet-hdqt-lua-chon-don-vi-kiem-toan-bctc-nam-2026.chn?utm_source=du-lieu",NULL,"Trung lập","Báo cáo tài chính","","Nghị quyết HĐQT về việc lựa chọn đơn vị kiểm toán BCTC năm 2026 có thể mang lại sự minh bạch và tin cậy cao hơn cho báo cáo tài chính của FPT, tạo điều kiện thuận lợi cho công ty trong quá trình tuân thủ các quy định pháp luật.",1,"2026-06-07 18:12:57.900361"
2,"FPT","FPT: Danh sách phát hành ESOP chi tiết","https://cafef.vn/du-lieu/FPT-2902218/fpt-danh-sach-phat-hanh-esop-chi-tiet.chn?utm_source=du-lieu",NULL,"Trung lập","Khác","","Chi tiết về ESOP có thể cung cấp thông tin về chiến lược nhân sự và phát triển dài hạn của FPT.",2,"2026-06-07 18:12:57.900361"
3,"FPT","Thành viên SCIC không mua hết lượng cổ phiếu FPT đã đăng ký","https://cafef.vn/thanh-vien-scic-khong-mua-het-luong-co-phieu-fpt-da-dang-ky-188260522095312617.chn?utm_source=du-lieu",NULL,"Trung lập","Biến động Lãnh đạo","","",1,"2026-06-07 18:12:57.900361"
4,"FPT","FPT: 28.5.2026, ngày GDKHQ trả cổ tức còn lại năm 2025 bằng tiền mặt (1.000
đ/cp)","https://cafef.vn/du-lieu/FPT-2893107/fpt-2852026-ngay-gdkhq-tra-co-tuc-con-lai-nam-2025-bang-tien-mat-1000-dcp.chn?utm_source=du-lieu",NULL,"Trung lập","Cổ tức","1.000 đ/cp","",2,"2026-06-07 18:12:57.900361"
5,"FPT","FPT: Công ty TNHH MTV Đầu tư SCIC (SIC) đã mua 500.000 cp","https://cafef.vn/du-lieu/FPT-2892290/fpt-cong-ty-tnhh-mtv-dau-tu-scic-sic-da-mua-500000-cp.chn?utm_source=du-lieu",NULL,"Trung lập","M&A","","SCIC của công ty TNHH MTV Đầu tư SCIC (SIC) mua 500.000 cp FPT, thể hiện sự quan tâm và có thể tạo động lực tích cực cho cổ phiếu.",2,"2026-06-07 18:12:57.900361"
6,"FPT","FPT: Nghị quyết HĐQT về việc phát hành cổ phiếu ESOP","https://cafef.vn/du-lieu/FPT-2891543/fpt-nghi-quyet-hdqt-ve-viec-phat-hanh-co-phieu-esop.chn?utm_source=du-lieu",NULL,"Trung lập","M&A","","Nghị quyết HĐQT về phát hành cổ phiếu ESOP có thể tạo động lực tăng trưởng dài hạn cho công ty.",2,"2026-06-07 18:12:57.900361"
7,"FPT","FPT: Nghị quyết HĐQT về việc trả cổ tức còn lại năm 2025 bằng tiền mặt","https://cafef.vn/du-lieu/FPT-2891540/fpt-nghi-quyet-hdqt-ve-viec-tra-co-tuc-con-lai-nam-2025-bang-tien-mat.chn?utm_source=du-lieu",NULL,"Trung lập","Cổ tức","","Nghị quyết HĐQT về việc trả cổ tức còn lại năm 2025 bằng tiền mặt có thể tạo động lực tích cực cho cổ phiếu FPT.",1,"2026-06-07 18:12:57.900361"
8,"FPT","Rút từ 4 giờ xuống 10 phút: FPT đang triển khai ""át chủ bài"" chưa từng có trên
sườn dốc Điện Biên nhằm tạo thêm 2.630 tỷ đồng","https://cafef.vn/rut-tu-4-gio-xuong-10-phut-fpt-dang-trien-khai-at-chu-bai-chua-tung-co-tren-suon-doc-dien-bien-nham-tao-them-2630-ty-dong-188260514102113752.chn?utm_source=du-lieu",NULL,"Tích cực","Mở rộng Kinh doanh","tăng 2.630 tỷ đồng","FPT đang triển khai dự án mới trên sườn dốc Điện Biên nhằm mở rộng kinh doanh và tăng thêm lợi nhuận",4,"2026-06-07 18:12:57.900361"
9,"FPT","""Cá mập"" nghìn tỷ nêu lý do vẫn kiên quyết nắm giữ FPT","https://cafef.vn/ca-map-nghin-ty-neu-ly-do-van-kien-quyet-nam-giu-fpt-188260512073735543.chn?utm_source=du-lieu",NULL,"Tích cực","Khác","","""Cá mập"" nghìn tỷ nêu lý do vẫn kiên quyết nắm giữ FPT cho thấy sự tin tưởng vào tiềm năng tăng trưởng của công ty",4,"2026-06-07 18:12:57.900361"
10,"FPT","Cổ phiếu FPT “thủng” đáy, vốn hóa bốc hơi hơn 40.000 tỷ đồng từ đầu năm","https://cafef.vn/co-phieu-fpt-thung-day-von-hoa-boc-hoi-hon-40000-ty-dong-tu-dau-nam-18826050823075753.chn?utm_source=du-lieu",NULL,"Tiêu cực","Khác","bốc hơi hơn 40.000 tỷ đồng","",-3,"2026-06-07 18:12:57.900361"
11,"FPT","Đổ gần 4.000 tỷ đặt niềm tin vào cổ phiếu cơ bản, một 'cá mập' đang gồng lỗ FPT
và Vinamilk","https://cafef.vn/do-gan-4000-ty-dat-niem-tin-vao-co-phieu-co-ban-mot-ca-map-dang-gong-lo-fpt-va-vinamilk-188260506225825095.chn?utm_source=du-lieu",NULL,"Tích cực","Khác","4.000 tỷ đồng","' Cá mập' đang gồng lỗ và đổ vốn vào cổ phiếu cơ bản FPT và Vinamilk thể hiện niềm tin vào thị trường",3,"2026-06-07 18:12:57.900361"
12,"FPT","Việt Nam nắm giữ 'báu vật' lớn thứ 2 thế giới: Cách FPT, Viettel 'chia bài' cùng
Qualcomm, Marvell, Siemens...","https://cafef.vn/viet-nam-nam-giu-bau-vat-lon-thu-2-the-gioi-cach-fpt-viettel-chia-bai-cung-qualcomm-marvell-siemens-188260502231901218.chn?utm_source=du-lieu",NULL,"Trung lập","Biến động Lãnh đạo","","Việt Nam được đánh giá cao về tiềm năng công nghệ với FPT và Viettel, thu hút các đối tác quốc tế như Qualcomm, Marvell, Siemens.",2,"2026-06-07 18:12:57.900361"
13,"FPT","FPT: Tái bổ nhiệm ông Nguyễn Thế Phương giữ chức Phó TGĐ, ông Hoàng Hữu Chiến
giữ chức Kế toán trưởng","https://cafef.vn/du-lieu/FPT-2876563/fpt-tai-bo-nhiem-ong-nguyen-the-phuong-giu-chuc-pho-tgd-ong-hoang-huu-chien-giu-chuc-ke-toan-truong.chn?utm_source=du-lieu",NULL,"Trung lập","Biến động Lãnh đạo","","Tái bổ nhiệm lãnh đạo có thể mang lại sự ổn định và tin tưởng cho cổ đông",2,"2026-06-07 18:12:57.900361"
14,"FPT","FPT: Thông cáo báo chí về kết quả kinh doanh quý 1/2026","https://cafef.vn/du-lieu/FPT-2674192/fpt-thong-cao-bao-chi-ve-ket-qua-kinh-doanh-quy-12026.chn?utm_source=du-lieu",NULL,"Trung lập","Báo cáo tài chính","","Thông cáo báo chí về kết quả kinh doanh quý 1/2026 có thể cung cấp thông tin quan trọng về tình hình hoạt động của FPT trong giai đoạn đầu năm.",2,"2026-06-07 18:12:57.900361"
15,"FPT","FPT báo lãi hơn 2.800 tỷ đồng trong quý 1, thắng thầu loạt dự án chục triệu USD","https://cafef.vn/fpt-bao-lai-hon-2800-ty-dong-trong-quy-1-thang-thau-loat-du-an-chuc-trieu-usd-188260422223628715.chn?utm_source=du-lieu",NULL,"Tích cực","Báo cáo tài chính","2.800 tỷ đồng","Kết quả kinh doanh vượt mong đợi với mức lãi lớn và thắng thầu dự án quốc tế",4,"2026-06-07 18:12:57.900361"
16,"FPT","FPT: Quy chế nội bộ về quản trị công ty sửa đổi","https://cafef.vn/du-lieu/FPT-2670677/fpt-quy-che-noi-bo-ve-quan-tri-cong-ty-sua-doi.chn?utm_source=du-lieu",NULL,"Trung lập","Biến động Lãnh đạo","","Sửa đổi quy chế nội bộ có thể mang lại hiệu quả quản trị công ty tốt hơn, nhưng chưa rõ ràng về tác động cụ thể đến kết quả kinh doanh.",1,"2026-06-07 18:12:57.900361"
17,"FPT","FPT: Quy chế hoạt động của HĐQT sửa đổi","https://cafef.vn/du-lieu/FPT-2670458/fpt-quy-che-hoat-dong-cua-hdqt-sua-doi.chn?utm_source=du-lieu",NULL,"Trung lập","Biến động Lãnh đạo","","Sửa đổi quy chế hoạt động của HĐQT có thể mang lại hiệu quả quản trị doanh nghiệp tốt hơn",2,"2026-06-07 18:12:57.900361"
18,"FPT","FPT: Điều lệ công ty sửa đổi ban hành tháng 04/2026","https://cafef.vn/du-lieu/FPT-2670457/fpt-dieu-le-cong-ty-sua-doi-ban-hanh-thang-042026.chn?utm_source=du-lieu",NULL,"Trung lập","Chính sách Vĩ mô","","Sửa đổi điều lệ công ty có thể ảnh hưởng đến chiến lược kinh doanh và quyền lợi cổ đông trong tương lai",1,"2026-06-07 18:12:57.900361"
19,"FPT","FPT: Nghị quyết và Biên bản họp ĐHĐCĐ thường niên 2026","https://cafef.vn/du-lieu/FPT-2670676/fpt-nghi-quyet-va-bien-ban-hop-dhdcd-thuong-nien-2026.chn?utm_source=du-lieu",NULL,"Trung lập","Báo cáo tài chính","","Nghị quyết và Biên bản họp ĐHĐCĐ thường niên 2026 có thể cung cấp thông tin về chiến lược kinh doanh và kế hoạch phát triển trong tương lai của FPT",2,"2026-06-07 18:12:57.900361"
20,"FPT","FPT: Bổ nhiệm ông Toshikazu Nambu làm Thành viên HĐQT từ 16.4.2026","https://cafef.vn/du-lieu/FPT-2670459/fpt-bo-nhiem-ong-toshikazu-nambu-lam-thanh-vien-hdqt-tu-1642026.chn?utm_source=du-lieu",NULL,"Trung lập","Biến động Lãnh đạo","","Bổ nhiệm thành viên mới có thể mang lại góc nhìn quốc tế và kinh nghiệm quản lý cho HĐQT FPT",1,"2026-06-07 18:12:57.900361"
21,"FPT","Lộ diện loạt doanh nghiệp đầu ngành góp vốn lập Quỹ đầu tư mạo hiểm TP.HCM","https://cafef.vn/lo-dien-loat-doanh-nghiep-dau-nganh-gop-von-lap-quy-dau-tu-mao-hiem-tphcm-188260419114252907.chn?utm_source=du-lieu",NULL,"Trung lập","M&A","","Các doanh nghiệp đầu ngành góp vốn vào quỹ đầu tư mạo hiểm có thể mở rộng mạng lưới và nguồn lực cho hoạt động kinh doanh của họ.",2,"2026-06-07 18:12:57.900361"
22,"FPT","FPT ảnh hưởng thế nào khi thay đổi cổ đông nắm 50,17% cổ phần FPT Telecom?","https://cafef.vn/fpt-anh-huong-the-nao-khi-thay-doi-co-dong-nam-5017-co-phan-fpt-telecom-188260416230940729.chn?utm_source=du-lieu",NULL,"Trung lập","Biến động Lãnh đạo","","Thay đổi cổ đông lớn có thể ảnh hưởng đến chiến lược và hoạt động của FPT Telecom, tạo ra cơ hội mới hoặc thách thức cho doanh nghiệp.",2,"2026-06-07 18:12:57.900361"
23,"FPT","[ĐHĐCĐ FPT] Ông Trương Gia Bình: FPT trong tương lai có thể sánh vai với các tập
đoàn AI hàng đầu thế giới","https://cafef.vn/dhdcd-fpt-ong-truong-gia-binh-fpt-trong-tuong-lai-co-the-sanh-vai-voi-cac-tap-doan-ai-hang-dau-the-gioi-188260416163515136.chn?utm_source=du-lieu",NULL,"Tích cực","Biến động Lãnh đạo","","Ông Trương Gia Bình, CEO FPT, đưa ra mục tiêu sánh vai với các tập đoàn AI hàng đầu thế giới, tạo động lực tăng trưởng cho cổ phiếu FPT.",4,"2026-06-07 18:12:57.900361"
24,"FPT","10 câu hỏi trước thềm ĐHĐCĐ FPT: Bài toán tăng trưởng và chiến lược mới AI, UAV,
thiết kế chip","https://cafef.vn/10-cau-hoi-truoc-them-dhdcd-fpt-bai-toan-tang-truong-va-chien-luoc-moi-ai-uav-thiet-ke-chip-188260413223750191.chn?utm_source=du-lieu",NULL,"Trung lập","Báo cáo tài chính","","Bài toán tăng trưởng và chiến lược mới như AI, UAV, thiết kế chip được-discuss tại ĐHĐCĐ có thể tạo động lực cho cổ phiếu FPT",2,"2026-06-07 18:12:57.900361"
25,"FPT","FPT: Công ty TNHH MTV Đầu tư SCIC (SIC) đăng ký mua 750.000 cp","https://cafef.vn/du-lieu/FPT-2666499/fpt-cong-ty-tnhh-mtv-dau-tu-scic-sic-dang-ky-mua-750000-cp.chn?utm_source=du-lieu",NULL,"Trung lập","M&A","","SCIC đăng ký mua cổ phiếu FPT, thể hiện sự quan tâm của nhà đầu tư lớn đến thị trường công nghệ Việt Nam.",2,"2026-06-07 18:12:57.900361"
26,"FPT","Số cổ đông FPT tăng gấp đôi từ khi ông Trương Gia Bình hát ""Tái sinh"", SVĐ Trống
Đồng của Vingroup mới đủ sức chứa","https://cafef.vn/so-co-dong-fpt-tang-gap-doi-tu-khi-ong-truong-gia-binh-hat-tai-sinh-svd-trong-dong-cua-vingroup-moi-du-suc-chua-188260409161620086.chn?utm_source=du-lieu",NULL,"Trung lập","Biến động Lãnh đạo","","Sự thay đổi trong số cổ đông do ông Trương Gia Bình, CEO của FPT, thực hiện hoạt động tái sinh công ty",2,"2026-06-07 18:12:57.900361"
27,"FPT","FPT: Báo cáo thường niên năm 2025","https://cafef.vn/du-lieu/FPT-2663254/fpt-bao-cao-thuong-nien-nam-2025.chn?utm_source=du-lieu",NULL,"Trung lập","Báo cáo tài chính","","Báo cáo thường niên cung cấp thông tin về triển vọng kinh doanh và chiến lược phát triển của FPT trong năm 2025",1,"2026-06-07 18:12:57.900361"
28,"FPT","FPT: Báo cáo phát triển bền vững 2025","https://cafef.vn/du-lieu/FPT-2663253/fpt-bao-cao-phat-trien-ben-vung-2025.chn?utm_source=du-lieu",NULL,"Trung lập","Báo cáo tài chính","","Báo cáo thể hiện mục tiêu dài hạn và chiến lược phát triển bền vững của FPT",2,"2026-06-07 18:12:57.900361"
29,"FPT","FPT: Báo cáo của thành viên HĐQT độc lập","https://cafef.vn/du-lieu/FPT-2659826/fpt-bao-cao-cua-thanh-vien-hdqt-doc-lap.chn?utm_source=du-lieu",NULL,"Trung lập","Báo cáo tài chính","","",0,"2026-06-07 18:12:57.900361"
30,"FPT","""Giáo sư Xoay"" Đinh Tiến Dũng được bổ nhiệm vị trí Trưởng ban Tinh thần và Văn
hóa FPT","https://cafef.vn/giao-su-xoay-dinh-tien-dung-duoc-bo-nhiem-vi-tri-truong-ban-tinh-than-va-van-hoa-fpt-18826033021232535.chn?utm_source=du-lieu",NULL,"Trung lập","Biến động Lãnh đạo","","",0,"2026-06-07 18:12:57.900361"
31,"VHC","VHC: Giấy chứng nhận đăng ký doanh nghiệp thay đổi lần thứ 20","https://cafef.vn/du-lieu/VHC-2899295/vhc-giay-chung-nhan-dang-ky-doanh-nghiep-thay-doi-lan-thu-20.chn?utm_source=du-lieu",NULL,"Trung lập","Biến động Lãnh đạo","","Thay đổi giấy chứng nhận đăng ký doanh nghiệp có thể ảnh hưởng đến hoạt động quản lý và chiến lược kinh doanh của công ty",1,"2026-06-07 18:12:57.900361"
32,"VHC","VHC: Giấy xác nhận về việc thay đổi nội dung đăng ký doanh nghiệp","https://cafef.vn/du-lieu/VHC-2899293/vhc-giay-xac-nhan-ve-viec-thay-doi-noi-dung-dang-ky-doanh-nghiep.chn?utm_source=du-lieu",NULL,"Trung lập","Biến động Lãnh đạo","","",0,"2026-06-07 18:12:57.900361"
33,"VHC","VHC: Số lượng cổ phiếu có quyền biểu quyết đang lưu hành là 209.453.159 cp","https://cafef.vn/du-lieu/VHC-2889830/vhc-so-luong-co-phieu-co-quyen-bieu-quyet-dang-luu-hanh-la-209453159-cp.chn?utm_source=du-lieu",NULL,"Trung lập","Khác","209.453.159 cp","",0,"2026-06-07 18:12:57.900361"
34,"VHC","VHC: Đã mua lại 15.000.000 cổ phiếu làm cổ phiếu quỹ","https://cafef.vn/du-lieu/VHC-2889829/vhc-da-mua-lai-15000000-co-phieu-lam-co-phieu-quy.chn?utm_source=du-lieu",NULL,"Trung lập","M&A","","Công ty đã mua lại một lượng lớn cổ phiếu để giữ trong quỹ, thể hiện chiến lược dài hạn và tăng cường vị thế thị trường.",2,"2026-06-07 18:12:57.900361"
35,"VHC","VHC: Bổ nhiệm ông Nguyễn Văn Triều làm Thành viên HĐQT độc lập, bà Phan Thị Kiều
Oanh làm Thành viên BKS từ 5.5.2026","https://cafef.vn/du-lieu/VHC-2881794/vhc-bo-nhiem-ong-nguyen-van-trieu-lam-thanh-vien-hdqt-doc-lap-ba-phan-thi-kieu-oanh-lam-thanh-vien-bks-tu-552026.chn?utm_source=du-lieu",NULL,"Trung lập","Biến động Lãnh đạo","","Bổ nhiệm thành viên HĐQT và BKS mới có thể mang lại góc nhìn mới cho công ty, thúc đẩy hoạt động quản trị doanh nghiệp",1,"2026-06-07 18:12:57.900361"
36,"VHC","VHC: Nghị quyết và Biên bản họp ĐHĐCĐ thường niên 2026","https://cafef.vn/du-lieu/VHC-2881795/vhc-nghi-quyet-va-bien-ban-hop-dhdcd-thuong-nien-2026.chn?utm_source=du-lieu",NULL,"Trung lập","Báo cáo tài chính","","Nghị quyết và Biên bản họp ĐHĐCĐ thường niên 2026 có thể cung cấp thông tin về kế hoạch kinh doanh và chiến lược phát triển trong tương lai của công ty",2,"2026-06-07 18:12:57.900361"
37,"VHC","Loạt doanh nghiệp giao dịch lượng lớn cổ phiếu quỹ","https://cafef.vn/loat-doanh-nghiep-giao-dich-luong-lon-co-phieu-quy-188260503084320282.chn?utm_source=du-lieu",NULL,"Trung lập","Khác","","Hoạt động mua bán cổ phiếu quỹ của các doanh nghiệp có thể ảnh hưởng đến thị trường nhưng không rõ ràng về mặt tích cực hay tiêu cực",1,"2026-06-07 18:12:57.900361"
38,"VHC","VHC: Giải trình biến động KQKD HN và Riêng quý 1/2026 so với cùng kỳ năm trước","https://cafef.vn/du-lieu/VHC-2677186/vhc-giai-trinh-bien-dong-kqkd-hn-va-rieng-quy-12026-so-voi-cung-ky-nam-truoc.chn?utm_source=du-lieu",NULL,"Trung lập","Báo cáo tài chính","Giải trình biến động KQKD HN và Riêng quý 1/2026 so với cùng kỳ năm trước","",0,"2026-06-07 18:12:57.900361"
39,"VHC","VHC: Sơ yếu lý lịch của các ứng viên được đề cử bầu bổ sung Thành viên HĐQT độc
lập, BKS","https://cafef.vn/du-lieu/VHC-2671698/vhc-so-yeu-ly-lich-cua-cac-ung-vien-duoc-de-cu-bau-bo-sung-thanh-vien-hdqt-doc-lap-bks.chn?utm_source=du-lieu",NULL,"Trung lập","Biến động Lãnh đạo","","",0,"2026-06-07 18:12:57.900361"
40,"VHC","VHC: Báo cáo thường niên năm 2025","https://cafef.vn/du-lieu/VHC-2670442/vhc-bao-cao-thuong-nien-nam-2025.chn?utm_source=du-lieu",NULL,"Trung lập","Báo cáo tài chính","","Báo cáo thường niên cung cấp thông tin về kết quả kinh doanh và kế hoạch phát triển cho năm tới của công ty",2,"2026-06-07 18:12:57.900361"
41,"VHC","Vĩnh Hoàn chốt thời điểm mua lại 15 triệu cổ phiếu cổ phiếu quỹ","https://cafef.vn/vinh-hoan-chot-thoi-diem-mua-lai-15-trieu-co-phieu-co-phieu-quy-188260409103356833.chn?utm_source=du-lieu",NULL,"Trung lập","M&A","","Công ty Vĩnh Hoàn thông báo kế hoạch mua lại cổ phiếu quỹ, có thể tạo động lực tích cực cho cổ phiếu trong dài hạn.",2,"2026-06-07 18:12:57.900361"
42,"VHC","VHC: Thư mời tham dự và tài liệu họp ĐHĐCĐ thường niên 2026","https://cafef.vn/du-lieu/VHC-2663489/vhc-thu-moi-tham-du-va-tai-lieu-hop-dhdcd-thuong-nien-2026.chn?utm_source=du-lieu",NULL,"Trung lập","Báo cáo tài chính","","Thư mời tham dự và tài liệu họp ĐHĐCĐ thường niên 2026 thể hiện sự minh bạch và cam kết của công ty với cổ đông",1,"2026-06-07 18:12:57.900361"
43,"VHC","VHC: Thông báo về việc mua lại cổ phiếu quỹ","https://cafef.vn/du-lieu/VHC-2663198/vhc-thong-bao-ve-viec-mua-lai-co-phieu-quy.chn?utm_source=du-lieu",NULL,"Trung lập","M&A","","Việc mua lại cổ phiếu quỹ có thể tăng giá trị cổ đông và tạo động lực tích cực cho cổ phiếu VHC",2,"2026-06-07 18:12:57.900361"
44,"VHC","VHC: Giải trình biến động KQKD HN và Riêng năm 2025 so với cùng kỳ năm trước","https://cafef.vn/du-lieu/VHC-2648060/vhc-giai-trinh-bien-dong-kqkd-hn-va-rieng-nam-2025-so-voi-cung-ky-nam-truoc.chn?utm_source=du-lieu",NULL,"Trung lập","Báo cáo tài chính","","Công ty giải trình biến động kết quả kinh doanhHalf Year (KQKD) và năm 2025 so với cùng kỳ năm trước, có thể tạo ra sự chú ý từ nhà đầu tư.",2,"2026-06-07 18:12:57.900361"
45,"VHC","VHC: Nghị quyết HĐQT số 10 ngày 23/03/2026","https://cafef.vn/du-lieu/VHC-2425348/vhc-nghi-quyet-hdqt-so-10-ngay-23032026.chn?utm_source=du-lieu",NULL,"Trung lập","Báo cáo tài chính","","",1,"2026-06-07 18:12:57.900361"
46,"VHC","VHC: Đơn xin từ nhiệm của ông Nguyễn Quang Vinh - Thành viên BKS","https://cafef.vn/du-lieu/VHC-2422253/vhc-don-xin-tu-nhiem-cua-ong-nguyen-quang-vinh-thanh-vien-bks.chn?utm_source=du-lieu",NULL,"Trung lập","Biến động Lãnh đạo","","Đơn xin từ nhiệm có thể gây bất ổn về mặt quản lý nhưng chưa rõ tác động cụ thể",0,"2026-06-07 18:12:57.900361"
47,"VHC","VHC: 26.3.2026, ngày GDKHQ tổ chức họp ĐHĐCĐ thường niên năm 2026","https://cafef.vn/du-lieu/VHC-2416647/vhc-2632026-ngay-gdkhq-to-chuc-hop-dhdcd-thuong-nien-nam-2026.chn?utm_source=du-lieu",NULL,"Trung lập","Cổ tức","","Ngày GDKHQ tổ chức họp ĐHĐCĐ thường niên, tạo cơ hội cho cổ đông nhận cổ tức và thông tin về chiến lược kinh doanh sắp tới",2,"2026-06-07 18:12:57.900361"
48,"VHC","VHC: Nghị quyết HĐQT về việc triển khai phương án mua lại cổ phiếu quỹ","https://cafef.vn/du-lieu/VHC-2416698/vhc-nghi-quyet-hdqt-ve-viec-trien-khai-phuong-an-mua-lai-co-phieu-quy.chn?utm_source=du-lieu",NULL,"Trung lập","M&A","","Nghị quyết HĐQT về mua lại cổ phiếu quỹ có thể mang đến lợi ích dài hạn cho công ty thông qua việc quản lý vốn và tăng giá trị cổ đông.",2,"2026-06-07 18:12:57.900361"
49,"VHC","VHC: Nghị quyết HĐQT v/v gia hạn thời gian tổ chức ĐHĐCĐ thường niên năm 2026","https://cafef.vn/du-lieu/VHC-2413678/vhc-nghi-quyet-hdqt-vv-gia-han-thoi-gian-to-chuc-dhdcd-thuong-nien-nam-2026.chn?utm_source=du-lieu",NULL,"Trung lập","Biến động Lãnh đạo","","Gia hạn thời gian tổ chức ĐHĐCĐ thường niên có thể tạo điều kiện thuận lợi cho công ty trong việc lên kế hoạch và chuẩn bị cho đại hội",1,"2026-06-07 18:12:57.900361"
50,"VHC","VHC: Nghị quyết HĐQT thông qua việc vay vốn tại Vietcombank - Chi nhánh TP.HCM","https://cafef.vn/du-lieu/VHC-2411230/vhc-nghi-quyet-hdqt-thong-qua-viec-vay-von-tai-vietcombank-chi-nhanh-tphcm.chn?utm_source=du-lieu",NULL,"Trung lập","M&A","","Nghị quyết HĐQT thông qua việc vay vốn tại Vietcombank - Chi nhánh TP.HCM có thể giúp công ty tiếp tục mở rộng hoạt động kinh doanh.",2,"2026-06-07 18:12:57.900361"
51,"VHC","VHC: Miễn nhiệm ông Huỳnh Đức Trung - Giám đốc Khối HSE từ 1.3.2026","https://cafef.vn/du-lieu/VHC-2410178/vhc-mien-nhiem-ong-huynh-duc-trung-giam-doc-khoi-hse-tu-132026.chn?utm_source=du-lieu",NULL,"Trung lập","Biến động Lãnh đạo","","",1,"2026-06-07 18:12:57.900361"
52,"VHC","VHC: Biên bản kiểm phiếu và Nghị quyết ĐHĐCĐ về việc lấy ý kiến cổ đông bằng văn
bản","https://cafef.vn/du-lieu/VHC-2402763/vhc-bien-ban-kiem-phieu-va-nghi-quyet-dhdcd-ve-viec-lay-y-kien-co-dong-bang-van-ban.chn?utm_source=du-lieu",NULL,"Trung lập","Báo cáo tài chính","","",0,"2026-06-07 18:12:57.900361"
53,"VHC","XK thủy sản 2025 kỷ lục 11,3 tỷ USD: 1 DN bán cá rô phi có lợi nhuận tăng gấp 21
lần, ""Nữ hoàng cá tra"" Vĩnh Hoàn hụt hơi Q4, Vua tôm Minh Phú thoát lỗ","https://cafef.vn/xk-thuy-san-2025-ky-luc-113-ty-usd-1-dn-ban-ca-ro-phi-co-loi-nhuan-tang-gap-21-lan-nu-hoang-ca-tra-vinh-hoan-hut-hoi-q4-vua-tom-minh-phu-thoat-lo-188260207224724541.chn?utm_source=du-lieu",NULL,"Trung lập","Khác","","DN bán cá rô phi có lợi nhuận tăng gấp 21 lần, 'Nữ hoàng cá tra' Vĩnh Hoàn hụt hơi Q4, Minh Phú thoát lỗ",0,"2026-06-07 18:12:57.900361"
54,"VHC","Vĩnh Hoàn báo lãi 245 tỷ đồng quý 4/2025, giảm 44% so với cùng kỳ, cổ phiếu kịch
sàn","https://cafef.vn/vinh-hoan-bao-lai-245-ty-dong-quy-42025-giam-44-so-voi-cung-ky-co-phieu-kich-san-188260206121816339.chn?utm_source=du-lieu",NULL,"Trung lập","Báo cáo tài chính","245 tỷ đồng, giảm 44%","",-1,"2026-06-07 18:12:57.900361"
55,"VHC","VHC: Giải trình biến động KQKD Hợp nhất quý 4/2025 so với cùng kỳ năm trước","https://cafef.vn/du-lieu/VHC-2397968/vhc-giai-trinh-bien-dong-kqkd-hop-nhat-quy-42025-so-voi-cung-ky-nam-truoc.chn?utm_source=du-lieu",NULL,"Trung lập","Báo cáo tài chính","","Công ty giải trình biến động kết quả kinh doanh quý 4/2025 so với cùng kỳ năm trước, có thể cung cấp thông tin quan trọng cho nhà đầu tư.",2,"2026-06-07 18:12:57.900361"
56,"VHC","VHC: Nhắc nhở chậm CBTT BCTC quý 4/2025","https://cafef.vn/du-lieu/VHC-2396504/vhc-nhac-nho-cham-cbtt-bctc-quy-42025.chn?utm_source=du-lieu",NULL,"Trung lập","Báo cáo tài chính","","",-2,"2026-06-07 18:12:57.900361"
57,"VHC","VHC: Nghị quyết HĐQT thông qua mô hình quản trị và hệ thống cấp bậc chức danh
mới","https://cafef.vn/du-lieu/VHC-2395356/vhc-nghi-quyet-hdqt-thong-qua-mo-hinh-quan-tri-va-he-thong-cap-bac-chuc-danh-moi.chn?utm_source=du-lieu",NULL,"Trung lập","Biến động Lãnh đạo","","Nghị quyết HĐQT mới có thể mang lại hiệu quả quản trị và tăng cường năng lực lãnh đạo của công ty",2,"2026-06-07 18:12:57.900361"
58,"VHC","VHC: Thông báo thay đổi chức danh người nội bộ","https://cafef.vn/du-lieu/VHC-2395355/vhc-thong-bao-thay-doi-chuc-danh-nguoi-noi-bo.chn?utm_source=du-lieu",NULL,"Trung lập","Biến động Lãnh đạo","","Thay đổi chức danh người nội bộ có thể ảnh hưởng đến triển vọng hoạt động của công ty trong dài hạn",1,"2026-06-07 18:12:57.900361"
59,"VHC","VHC: Báo cáo tình hình quản trị công ty năm 2025","https://cafef.vn/du-lieu/VHC-2392534/vhc-bao-cao-tinh-hinh-quan-tri-cong-ty-nam-2025.chn?utm_source=du-lieu",NULL,"Trung lập","Báo cáo tài chính","","Báo cáo đánh giá tình hình quản trị công ty có thể cung cấp thông tin quan trọng về triển vọng kinh doanh trong tương lai",2,"2026-06-07 18:12:57.900361"
60,"VHC","""Nữ hoàng cá tra"" Trương Thị Lệ Khanh muốn chi gần 900 tỷ mua cổ phiếu, con gái
9X cũng vừa gom mua thành công hàng triệu đơn vị VHC","https://cafef.vn/nu-hoang-ca-tra-truong-thi-le-khanh-muon-chi-gan-900-ty-mua-co-phieu-con-gai-9x-cung-vua-gom-mua-thanh-cong-hang-trieu-don-vi-vhc-188260128111805222.chn?utm_source=du-lieu",NULL,"Tích cực","M&A","899.000 tỷ đồng","Việc nữ hoàng cá tra Trương Thị Lệ Khanh và con gái của bà mua cổ phiếu VHC có thể tạo động lực tích cực cho thị trường.",3,"2026-06-07 18:12:57.900361"
